Workbook

Sheet CONFIGURACION_LISTAS
A1: Estados | B1: Categorías | C1: Tipos Operación | D1: Mercados | E1: Perfiles Riesgo
A2: Ganada | B2: Fútbol | C2: Pre-partido | D2: Sin Empate (FT) | E2: Conservador (1-2%)
A3: Perdida | B3: Baloncesto | C3: En vivo (Live) | D3: Menos de 3.5 Goles | E3: Moderado (2-4%)
A4: Pendiente | B4: Tenis | C4: Trading Cuotas | D4: Sin Empate (HT) | E4: Personalizado
A5: Cancelada | B5: Financiero/Forex | C5: Escalera / Valor | D5: Sin BTTS + >2.5
A6: Reembolsada | B6: Otros Deportes | C6: Arbitraje | D6: Sin BTTS 1er Tiempo

Sheet GESTION_BANCA
B2: GESTIÓN DE BANCA Y CONTROL DE RIESGO
B3: 1. PARÁMETROS CONFIGURABLES | D3: 2. MONITOREO Y ALERTAS EN TIEMPO REAL
B4: Capital Inicial ($) | C4: 1000 | D4: Capital Actual ($) | E4: =DASHBOARD!C6
B5: Capital Mínimo de Seguridad (Stop Bank) | C5: 700 | D5: Estado de Capital | E5: =IF(DASHBOARD!C6<C5, "🔴 ALERTA: Capital en Nivel Crítico", "🟢 Capital Seguro")
B6: % Máximo Permitido por Operación | C6: 0.05 | D6: Alerta % Stake Máximo | E6: =IF(DASHBOARD!C19>C6, "🔴 Stake Promedio Excesivo", "🟢 Stake Bajo Control")
B7: % Recomendado por Operación | C7: 0.02 | D7: Exposición Simultánea Actual | E7: =DASHBOARD!F16
B8: % Máximo Exposición Simultánea | C8: 0.15 | D8: Alerta de Exposición | E8: =IF(DASHBOARD!F16>C8, "🔴 ALERTA: Exceso de Exposición", "🟢 Exposición Segura")
B9: Límite de Pérdida Diaria ($) | C9: -50 | D9: Resultado Diario Actual | E9: =CONTROL_PERIODOS!F6
B10: Límite de Pérdida Semanal ($) | C10: -150 | D10: Resultado Semanal Actual | E10: =CONTROL_PERIODOS!F15
B11: Límite de Pérdida Mensual ($) | C11: -300 | D11: Resultado Mensual Actual | E11: =CONTROL_PERIODOS!F26
B12: Objetivo de Crecimiento Mensual | C12: 0.15 | D12: Progreso hacia Objetivo | E12: =IF(C4>0, DASHBOARD!C7/C4, 0)
B13: Drawdown Máximo de Tolerancia | C13: 0.2 | D13: Alerta Drawdown | E13: =IF(DASHBOARD!C16>C13, "🔴 ALERTA: Drawdown Crítico", "🟢 Drawdown Controlado")

Sheet CALCULADORA
B2: CALCULADORA DE GESTIÓN DE RIESGO Y STAKE
B4: Capital Disponible Actual ($) | C4: =DASHBOARD!F15 | D4: Capital real disponible no comprometido
B5: Perfil de Riesgo Seleccionado | C5: Conservador (1-2%) | D5: Configurar en lista desplegable
B6: Porcentaje de Riesgo a Utilizar (%) | C6: 0.02 | D6: Porcentaje calculado del capital disponible
B7: Monto Sugerido a Operar (Stake) | C7: =C4*C6 | D7: Monto exacto calculado sin martingala
B8: Cuota / Multiplicador de la Operación | C8: 1.95 | D8: Cuota ofrecida por el mercado
B9: Retorno Potencial Bruto ($) | C9: =C7*C8 | D9: Retorno total incluyendo el monto operado
B10: Ganancia Neta Potencial ($) | C10: =C9-C7 | D10: Beneficio neto en caso de éxito
B11: Pérdida Máxima Asumida ($) | C11: =C7 | D11: Riesgo total limitado estrictamente al monto
B12: % del Capital Comprometido | C12: =IF(C4>0, C7/C4, 0) | D12: Proporción sobre la banca disponible
B13: Validación de Riesgo | C13: =IF(C6>GESTION_BANCA!C6, "🔴 EXCESO: Supera el % máximo permitido", IF(C6>GESTION_BANCA!C7, "🟡 PRECAUCIÓN: Por encima de lo recomendado", "🟢 APROBADO: Gestión correcta")) | D13: Control automático de cumplimiento

Sheet REGISTRO_OPERACIONES
A2: REGISTRO DE OPERACIONES — CONTROL DE BANCA
A3: Control individual de operaciones financieras con cálculo automático de capital, ROI, riesgo y acumulación de resultados.
A5: ID | B5: Fecha | C5: Hora | D5: Categoría | E5: Descripción | F5: Tipo Operación | G5: Mercado / Segmento | H5: Estado | I5: Capital Antes ($) | J5: Monto Utilizado ($) | K5: % Cap. Utilizado | L5: Cuota / Mult. | M5: Retorno Potencial ($) | N5: Ganancia Potencial ($) | O5: Resultado Real ($) | P5: Capital Después ($) | Q5: ROI Op. (%) | R5: Riesgo % | S5: Resultado Acumulado ($) | T5: Control Disciplina | U5: Observaciones
A6: OP-001 | B6: 2026-08-01 | C6: 15:30 | D6: Fútbol | E6: Real Madrid vs Sevilla | F6: Pre-partido | G6: Sin Empate (FT) | H6: Ganada | I6: =GESTION_BANCA!$C$4 | J6: 20 | K6: =IF(AND(ISNUMBER(I6),I6>0,ISNUMBER(J6)), J6/I6, 0) | L6: 1.85 | M6: =IF(AND(ISNUMBER(J6),ISNUMBER(L6)), J6*L6, 0) | N6: =IF(AND(ISNUMBER(J6),ISNUMBER(L6)), (J6*L6)-J6, 0) | O6: =IF(H6="Ganada", M6-J6, IF(H6="Perdida", -J6, IF(OR(H6="Cancelada",H6="Reembolsada",H6="Pendiente"), 0, 0))) | P6: =IF(H6="Pendiente", I6, IF(ISNUMBER(I6), I6+O6, I6)) | Q6: =IF(AND(ISNUMBER(J6),J6>0), O6/J6, 0) | R6: =IF(AND(ISNUMBER(I6),I6>0,ISNUMBER(J6)), J6/I6, 0) | S6: =IF(ISNUMBER(O6), SUM($O$6:O6), 0) | T6: =IF(ISBLANK(H6), "", IF(R6>GESTION_BANCA!$C$6, "🔴 EXCESO RIESGO", IF(R6>GESTION_BANCA!$C$7, "🟡 PRECAUCIÓN", "🟢 DENTRO LÍMITE"))) | U6: Operación planificada según racha
A7: OP-002 | B7: 2026-08-02 | C7: 18:00 | D7: Fútbol | E7: Inter vs Monza | F7: Pre-partido | G7: Sin Empate (HT) | H7: Ganada | I7: =P6 | J7: 20 | K7: =IF(AND(ISNUMBER(I7),I7>0,ISNUMBER(J7)), J7/I7, 0) | L7: 2.1 | M7: =IF(AND(ISNUMBER(J7),ISNUMBER(L7)), J7*L7, 0) | N7: =IF(AND(ISNUMBER(J7),ISNUMBER(L7)), (J7*L7)-J7, 0) | O7: =IF(H7="Ganada", M7-J7, IF(H7="Perdida", -J7, IF(OR(H7="Cancelada",H7="Reembolsada",H7="Pendiente"), 0, 0))) | P7: =IF(H7="Pendiente", I7, IF(ISNUMBER(I7), I7+O7, I7)) | Q7: =IF(AND(ISNUMBER(J7),J7>0), O7/J7, 0) | R7: =IF(AND(ISNUMBER(I7),I7>0,ISNUMBER(J7)), J7/I7, 0) | S7: =IF(ISNUMBER(O7), SUM($O$6:O7), 0) | T7: =IF(ISBLANK(H7), "", IF(R7>GESTION_BANCA!$C$6, "🔴 EXCESO RIESGO", IF(R7>GESTION_BANCA!$C$7, "🟡 PRECAUCIÓN", "🟢 DENTRO LÍMITE"))) | U7: Racha madura en Serie A
A8: OP-003 | B8: 2026-08-03 | C8: 20:45 | D8: Fútbol | E8: Sporting CP vs Braga | F8: En vivo (Live) | G8: Menos de 3.5 Goles | H8: Perdida | I8: =P7 | J8: 20 | K8: =IF(AND(ISNUMBER(I8),I8>0,ISNUMBER(J8)), J8/I8, 0) | L8: 1.9 | M8: =IF(AND(ISNUMBER(J8),ISNUMBER(L8)), J8*L8, 0) | N8: =IF(AND(ISNUMBER(J8),ISNUMBER(L8)), (J8*L8)-J8, 0) | O8: =IF(H8="Ganada", M8-J8, IF(H8="Perdida", -J8, IF(OR(H8="Cancelada",H8="Reembolsada",H8="Pendiente"), 0, 0))) | P8: =IF(H8="Pendiente", I8, IF(ISNUMBER(I8), I8+O8, I8)) | Q8: =IF(AND(ISNUMBER(J8),J8>0), O8/J8, 0) | R8: =IF(AND(ISNUMBER(I8),I8>0,ISNUMBER(J8)), J8/I8, 0) | S8: =IF(ISNUMBER(O8), SUM($O$6:O8), 0) | T8: =IF(ISBLANK(H8), "", IF(R8>GESTION_BANCA!$C$6, "🔴 EXCESO RIESGO", IF(R8>GESTION_BANCA!$C$7, "🟡 PRECAUCIÓN", "🟢 DENTRO LÍMITE"))) | U8: Pérdida asumida bajo riesgo
A9: OP-004 | B9: 2026-08-04 | C9: 19:00 | D9: Fútbol | E9: Flamengo vs Palmeiras | F9: Pre-partido | G9: Sin Empate (FT) | H9: Ganada | I9: =P8 | J9: 20 | K9: =IF(AND(ISNUMBER(I9),I9>0,ISNUMBER(J9)), J9/I9, 0) | L9: 2.05 | M9: =IF(AND(ISNUMBER(J9),ISNUMBER(L9)), J9*L9, 0) | N9: =IF(AND(ISNUMBER(J9),ISNUMBER(L9)), (J9*L9)-J9, 0) | O9: =IF(H9="Ganada", M9-J9, IF(H9="Perdida", -J9, IF(OR(H9="Cancelada",H9="Reembolsada",H9="Pendiente"), 0, 0))) | P9: =IF(H9="Pendiente", I9, IF(ISNUMBER(I9), I9+O9, I9)) | Q9: =IF(AND(ISNUMBER(J9),J9>0), O9/J9, 0) | R9: =IF(AND(ISNUMBER(I9),I9>0,ISNUMBER(J9)), J9/I9, 0) | S9: =IF(ISNUMBER(O9), SUM($O$6:O9), 0) | T9: =IF(ISBLANK(H9), "", IF(R9>GESTION_BANCA!$C$6, "🔴 EXCESO RIESGO", IF(R9>GESTION_BANCA!$C$7, "🟡 PRECAUCIÓN", "🟢 DENTRO LÍMITE"))) | U9: Sin martingala, stake constante
A10: OP-005 | B10: 2026-08-05 | C10: 17:15 | D10: Fútbol | E10: Arsenal vs Chelsea | F10: Pre-partido | G10: Sin BTTS + >2.5 | H10: Ganada | I10: =P9 | J10: 25 | K10: =IF(AND(ISNUMBER(I10),I10>0,ISNUMBER(J10)), J10/I10, 0) | L10: 2.2 | M10: =IF(AND(ISNUMBER(J10),ISNUMBER(L10)), J10*L10, 0) | N10: =IF(AND(ISNUMBER(J10),ISNUMBER(L10)), (J10*L10)-J10, 0) | O10: =IF(H10="Ganada", M10-J10, IF(H10="Perdida", -J10, IF(OR(H10="Cancelada",H10="Reembolsada",H10="Pendiente"), 0, 0))) | P10: =IF(H10="Pendiente", I10, IF(ISNUMBER(I10), I10+O10, I10)) | Q10: =IF(AND(ISNUMBER(J10),J10>0), O10/J10, 0) | R10: =IF(AND(ISNUMBER(I10),I10>0,ISNUMBER(J10)), J10/I10, 0) | S10: =IF(ISNUMBER(O10), SUM($O$6:O10), 0) | T10: =IF(ISBLANK(H10), "", IF(R10>GESTION_BANCA!$C$6, "🔴 EXCESO RIESGO", IF(R10>GESTION_BANCA!$C$7, "🟡 PRECAUCIÓN", "🟢 DENTRO LÍMITE"))) | U10: Stake moderado 2.5%
A11: OP-006 | B11: 2026-08-06 | C11: 21:00 | D11: Fútbol | E11: Boca Juniors vs River Plate | F11: Pre-partido | G11: Sin Empate (FT) | H11: Perdida | I11: =P10 | J11: 20 | K11: =IF(AND(ISNUMBER(I11),I11>0,ISNUMBER(J11)), J11/I11, 0) | L11: 1.95 | M11: =IF(AND(ISNUMBER(J11),ISNUMBER(L11)), J11*L11, 0) | N11: =IF(AND(ISNUMBER(J11),ISNUMBER(L11)), (J11*L11)-J11, 0) | O11: =IF(H11="Ganada", M11-J11, IF(H11="Perdida", -J11, IF(OR(H11="Cancelada",H11="Reembolsada",H11="Pendiente"), 0, 0))) | P11: =IF(H11="Pendiente", I11, IF(ISNUMBER(I11), I11+O11, I11)) | Q11: =IF(AND(ISNUMBER(J11),J11>0), O11/J11, 0) | R11: =IF(AND(ISNUMBER(I11),I11>0,ISNUMBER(J11)), J11/I11, 0) | S11: =IF(ISNUMBER(O11), SUM($O$6:O11), 0) | T11: =IF(ISBLANK(H11), "", IF(R11>GESTION_BANCA!$C$6, "🔴 EXCESO RIESGO", IF(R11>GESTION_BANCA!$C$7, "🟡 PRECAUCIÓN", "🟢 DENTRO LÍMITE"))) | U11: Control de límite diario
A12: OP-007 | B12: 2026-08-07 | C12: 16:00 | D12: Fútbol | E12: Bayern vs Dortmund | F12: En vivo (Live) | G12: Menos de 3.5 Goles | H12: Ganada | I12: =P11 | J12: 20 | K12: =IF(AND(ISNUMBER(I12),I12>0,ISNUMBER(J12)), J12/I12, 0) | L12: 1.8 | M12: =IF(AND(ISNUMBER(J12),ISNUMBER(L12)), J12*L12, 0) | N12: =IF(AND(ISNUMBER(J12),ISNUMBER(L12)), (J12*L12)-J12, 0) | O12: =IF(H12="Ganada", M12-J12, IF(H12="Perdida", -J12, IF(OR(H12="Cancelada",H12="Reembolsada",H12="Pendiente"), 0, 0))) | P12: =IF(H12="Pendiente", I12, IF(ISNUMBER(I12), I12+O12, I12)) | Q12: =IF(AND(ISNUMBER(J12),J12>0), O12/J12, 0) | R12: =IF(AND(ISNUMBER(I12),I12>0,ISNUMBER(J12)), J12/I12, 0) | S12: =IF(ISNUMBER(O12), SUM($O$6:O12), 0) | T12: =IF(ISBLANK(H12), "", IF(R12>GESTION_BANCA!$C$6, "🔴 EXCESO RIESGO", IF(R12>GESTION_BANCA!$C$7, "🟡 PRECAUCIÓN", "🟢 DENTRO LÍMITE"))) | U12: Ejecución disciplinada
A13: OP-008 | B13: 2026-08-08 | C13: 18:30 | D13: Fútbol | E13: PSG vs Marseille | F13: Pre-partido | G13: Sin BTTS 1er Tiempo | H13: Ganada | I13: =P12 | J13: 20 | K13: =IF(AND(ISNUMBER(I13),I13>0,ISNUMBER(J13)), J13/I13, 0) | L13: 2.15 | M13: =IF(AND(ISNUMBER(J13),ISNUMBER(L13)), J13*L13, 0) | N13: =IF(AND(ISNUMBER(J13),ISNUMBER(L13)), (J13*L13)-J13, 0) | O13: =IF(H13="Ganada", M13-J13, IF(H13="Perdida", -J13, IF(OR(H13="Cancelada",H13="Reembolsada",H13="Pendiente"), 0, 0))) | P13: =IF(H13="Pendiente", I13, IF(ISNUMBER(I13), I13+O13, I13)) | Q13: =IF(AND(ISNUMBER(J13),J13>0), O13/J13, 0) | R13: =IF(AND(ISNUMBER(I13),I13>0,ISNUMBER(J13)), J13/I13, 0) | S13: =IF(ISNUMBER(O13), SUM($O$6:O13), 0) | T13: =IF(ISBLANK(H13), "", IF(R13>GESTION_BANCA!$C$6, "🔴 EXCESO RIESGO", IF(R13>GESTION_BANCA!$C$7, "🟡 PRECAUCIÓN", "🟢 DENTRO LÍMITE"))) | U13: Señal de oportunidad verde
A14: OP-009 | B14: 2026-08-09 | C14: 20:00 | D14: Fútbol | E14: Juventus vs Roma | F14: Pre-partido | G14: Sin Empate (FT) | H14: Pendiente | I14: =P13 | J14: 20 | K14: =IF(AND(ISNUMBER(I14),I14>0,ISNUMBER(J14)), J14/I14, 0) | L14: 1.9 | M14: =IF(AND(ISNUMBER(J14),ISNUMBER(L14)), J14*L14, 0) | N14: =IF(AND(ISNUMBER(J14),ISNUMBER(L14)), (J14*L14)-J14, 0) | O14: =IF(H14="Ganada", M14-J14, IF(H14="Perdida", -J14, IF(OR(H14="Cancelada",H14="Reembolsada",H14="Pendiente"), 0, 0))) | P14: =IF(H14="Pendiente", I14, IF(ISNUMBER(I14), I14+O14, I14)) | Q14: =IF(AND(ISNUMBER(J14),J14>0), O14/J14, 0) | R14: =IF(AND(ISNUMBER(I14),I14>0,ISNUMBER(J14)), J14/I14, 0) | S14: =IF(ISNUMBER(O14), SUM($O$6:O14), 0) | T14: =IF(ISBLANK(H14), "", IF(R14>GESTION_BANCA!$C$6, "🔴 EXCESO RIESGO", IF(R14>GESTION_BANCA!$C$7, "🟡 PRECAUCIÓN", "🟢 DENTRO LÍMITE"))) | U14: Operación en curso
A15: OP-010 | I15: =P14 | K15: =IF(AND(ISNUMBER(I15),I15>0,ISNUMBER(J15)), J15/I15, 0) | M15: =IF(AND(ISNUMBER(J15),ISNUMBER(L15)), J15*L15, 0) | N15: =IF(AND(ISNUMBER(J15),ISNUMBER(L15)), (J15*L15)-J15, 0) | O15: =IF(H15="Ganada", M15-J15, IF(H15="Perdida", -J15, IF(OR(H15="Cancelada",H15="Reembolsada",H15="Pendiente"), 0, 0))) | P15: =IF(H15="Pendiente", I15, IF(ISNUMBER(I15), I15+O15, I15)) | Q15: =IF(AND(ISNUMBER(J15),J15>0), O15/J15, 0) | R15: =IF(AND(ISNUMBER(I15),I15>0,ISNUMBER(J15)), J15/I15, 0) | S15: =IF(ISNUMBER(O15), SUM($O$6:O15), 0) | T15: =IF(ISBLANK(H15), "", IF(R15>GESTION_BANCA!$C$6, "🔴 EXCESO RIESGO", IF(R15>GESTION_BANCA!$C$7, "🟡 PRECAUCIÓN", "🟢 DENTRO LÍMITE")))
A16: OP-011 | I16: =P15 | K16: =IF(AND(ISNUMBER(I16),I16>0,ISNUMBER(J16)), J16/I16, 0) | M16: =IF(AND(ISNUMBER(J16),ISNUMBER(L16)), J16*L16, 0) | N16: =IF(AND(ISNUMBER(J16),ISNUMBER(L16)), (J16*L16)-J16, 0) | O16: =IF(H16="Ganada", M16-J16, IF(H16="Perdida", -J16, IF(OR(H16="Cancelada",H16="Reembolsada",H16="Pendiente"), 0, 0))) | P16: =IF(H16="Pendiente", I16, IF(ISNUMBER(I16), I16+O16, I16)) | Q16: =IF(AND(ISNUMBER(J16),J16>0), O16/J16, 0) | R16: =IF(AND(ISNUMBER(I16),I16>0,ISNUMBER(J16)), J16/I16, 0) | S16: =IF(ISNUMBER(O16), SUM($O$6:O16), 0) | T16: =IF(ISBLANK(H16), "", IF(R16>GESTION_BANCA!$C$6, "🔴 EXCESO RIESGO", IF(R16>GESTION_BANCA!$C$7, "🟡 PRECAUCIÓN", "🟢 DENTRO LÍMITE")))
A17: OP-012 | I17: =P16 | K17: =IF(AND(ISNUMBER(I17),I17>0,ISNUMBER(J17)), J17/I17, 0) | M17: =IF(AND(ISNUMBER(J17),ISNUMBER(L17)), J17*L17, 0) | N17: =IF(AND(ISNUMBER(J17),ISNUMBER(L17)), (J17*L17)-J17, 0) | O17: =IF(H17="Ganada", M17-J17, IF(H17="Perdida", -J17, IF(OR(H17="Cancelada",H17="Reembolsada",H17="Pendiente"), 0, 0))) | P17: =IF(H17="Pendiente", I17, IF(ISNUMBER(I17), I17+O17, I17)) | Q17: =IF(AND(ISNUMBER(J17),J17>0), O17/J17, 0) | R17: =IF(AND(ISNUMBER(I17),I17>0,ISNUMBER(J17)), J17/I17, 0) | S17: =IF(ISNUMBER(O17), SUM($O$6:O17), 0) | T17: =IF(ISBLANK(H17), "", IF(R17>GESTION_BANCA!$C$6, "🔴 EXCESO RIESGO", IF(R17>GESTION_BANCA!$C$7, "🟡 PRECAUCIÓN", "🟢 DENTRO LÍMITE")))
A18: OP-013 | I18: =P17 | K18: =IF(AND(ISNUMBER(I18),I18>0,ISNUMBER(J18)), J18/I18, 0) | M18: =IF(AND(ISNUMBER(J18),ISNUMBER(L18)), J18*L18, 0) | N18: =IF(AND(ISNUMBER(J18),ISNUMBER(L18)), (J18*L18)-J18, 0) | O18: =IF(H18="Ganada", M18-J18, IF(H18="Perdida", -J18, IF(OR(H18="Cancelada",H18="Reembolsada",H18="Pendiente"), 0, 0))) | P18: =IF(H18="Pendiente", I18, IF(ISNUMBER(I18), I18+O18, I18)) | Q18: =IF(AND(ISNUMBER(J18),J18>0), O18/J18, 0) | R18: =IF(AND(ISNUMBER(I18),I18>0,ISNUMBER(J18)), J18/I18, 0) | S18: =IF(ISNUMBER(O18), SUM($O$6:O18), 0) | T18: =IF(ISBLANK(H18), "", IF(R18>GESTION_BANCA!$C$6, "🔴 EXCESO RIESGO", IF(R18>GESTION_BANCA!$C$7, "🟡 PRECAUCIÓN", "🟢 DENTRO LÍMITE")))
A19: OP-014 | I19: =P18 | K19: =IF(AND(ISNUMBER(I19),I19>0,ISNUMBER(J19)), J19/I19, 0) | M19: =IF(AND(ISNUMBER(J19),ISNUMBER(L19)), J19*L19, 0) | N19: =IF(AND(ISNUMBER(J19),ISNUMBER(L19)), (J19*L19)-J19, 0) | O19: =IF(H19="Ganada", M19-J19, IF(H19="Perdida", -J19, IF(OR(H19="Cancelada",H19="Reembolsada",H19="Pendiente"), 0, 0))) | P19: =IF(H19="Pendiente", I19, IF(ISNUMBER(I19), I19+O19, I19)) | Q19: =IF(AND(ISNUMBER(J19),J19>0), O19/J19, 0) | R19: =IF(AND(ISNUMBER(I19),I19>0,ISNUMBER(J19)), J19/I19, 0) | S19: =IF(ISNUMBER(O19), SUM($O$6:O19), 0) | T19: =IF(ISBLANK(H19), "", IF(R19>GESTION_BANCA!$C$6, "🔴 EXCESO RIESGO", IF(R19>GESTION_BANCA!$C$7, "🟡 PRECAUCIÓN", "🟢 DENTRO LÍMITE")))
A20: OP-015 | I20: =P19 | K20: =IF(AND(ISNUMBER(I20),I20>0,ISNUMBER(J20)), J20/I20, 0) | M20: =IF(AND(ISNUMBER(J20),ISNUMBER(L20)), J20*L20, 0) | N20: =IF(AND(ISNUMBER(J20),ISNUMBER(L20)), (J20*L20)-J20, 0) | O20: =IF(H20="Ganada", M20-J20, IF(H20="Perdida", -J20, IF(OR(H20="Cancelada",H20="Reembolsada",H20="Pendiente"), 0, 0))) | P20: =IF(H20="Pendiente", I20, IF(ISNUMBER(I20), I20+O20, I20)) | Q20: =IF(AND(ISNUMBER(J20),J20>0), O20/J20, 0) | R20: =IF(AND(ISNUMBER(I20),I20>0,ISNUMBER(J20)), J20/I20, 0) | S20: =IF(ISNUMBER(O20), SUM($O$6:O20), 0) | T20: =IF(ISBLANK(H20), "", IF(R20>GESTION_BANCA!$C$6, "🔴 EXCESO RIESGO", IF(R20>GESTION_BANCA!$C$7, "🟡 PRECAUCIÓN", "🟢 DENTRO LÍMITE")))
A21: OP-016 | I21: =P20 | K21: =IF(AND(ISNUMBER(I21),I21>0,ISNUMBER(J21)), J21/I21, 0) | M21: =IF(AND(ISNUMBER(J21),ISNUMBER(L21)), J21*L21, 0) | N21: =IF(AND(ISNUMBER(J21),ISNUMBER(L21)), (J21*L21)-J21, 0) | O21: =IF(H21="Ganada", M21-J21, IF(H21="Perdida", -J21, IF(OR(H21="Cancelada",H21="Reembolsada",H21="Pendiente"), 0, 0))) | P21: =IF(H21="Pendiente", I21, IF(ISNUMBER(I21), I21+O21, I21)) | Q21: =IF(AND(ISNUMBER(J21),J21>0), O21/J21, 0) | R21: =IF(AND(ISNUMBER(I21),I21>0,ISNUMBER(J21)), J21/I21, 0) | S21: =IF(ISNUMBER(O21), SUM($O$6:O21), 0) | T21: =IF(ISBLANK(H21), "", IF(R21>GESTION_BANCA!$C$6, "🔴 EXCESO RIESGO", IF(R21>GESTION_BANCA!$C$7, "🟡 PRECAUCIÓN", "🟢 DENTRO LÍMITE")))
A22: OP-017 | I22: =P21 | K22: =IF(AND(ISNUMBER(I22),I22>0,ISNUMBER(J22)), J22/I22, 0) | M22: =IF(AND(ISNUMBER(J22),ISNUMBER(L22)), J22*L22, 0) | N22: =IF(AND(ISNUMBER(J22),ISNUMBER(L22)), (J22*L22)-J22, 0) | O22: =IF(H22="Ganada", M22-J22, IF(H22="Perdida", -J22, IF(OR(H22="Cancelada",H22="Reembolsada",H22="Pendiente"), 0, 0))) | P22: =IF(H22="Pendiente", I22, IF(ISNUMBER(I22), I22+O22, I22)) | Q22: =IF(AND(ISNUMBER(J22),J22>0), O22/J22, 0) | R22: =IF(AND(ISNUMBER(I22),I22>0,ISNUMBER(J22)), J22/I22, 0) | S22: =IF(ISNUMBER(O22), SUM($O$6:O22), 0) | T22: =IF(ISBLANK(H22), "", IF(R22>GESTION_BANCA!$C$6, "🔴 EXCESO RIESGO", IF(R22>GESTION_BANCA!$C$7, "🟡 PRECAUCIÓN", "🟢 DENTRO LÍMITE")))
A23: OP-018 | I23: =P22 | K23: =IF(AND(ISNUMBER(I23),I23>0,ISNUMBER(J23)), J23/I23, 0) | M23: =IF(AND(ISNUMBER(J23),ISNUMBER(L23)), J23*L23, 0) | N23: =IF(AND(ISNUMBER(J23),ISNUMBER(L23)), (J23*L23)-J23, 0) | O23: =IF(H23="Ganada", M23-J23, IF(H23="Perdida", -J23, IF(OR(H23="Cancelada",H23="Reembolsada",H23="Pendiente"), 0, 0))) | P23: =IF(H23="Pendiente", I23, IF(ISNUMBER(I23), I23+O23, I23)) | Q23: =IF(AND(ISNUMBER(J23),J23>0), O23/J23, 0) | R23: =IF(AND(ISNUMBER(I23),I23>0,ISNUMBER(J23)), J23/I23, 0) | S23: =IF(ISNUMBER(O23), SUM($O$6:O23), 0) | T23: =IF(ISBLANK(H23), "", IF(R23>GESTION_BANCA!$C$6, "🔴 EXCESO RIESGO", IF(R23>GESTION_BANCA!$C$7, "🟡 PRECAUCIÓN", "🟢 DENTRO LÍMITE")))
A24: OP-019 | I24: =P23 | K24: =IF(AND(ISNUMBER(I24),I24>0,ISNUMBER(J24)), J24/I24, 0) | M24: =IF(AND(ISNUMBER(J24),ISNUMBER(L24)), J24*L24, 0) | N24: =IF(AND(ISNUMBER(J24),ISNUMBER(L24)), (J24*L24)-J24, 0) | O24: =IF(H24="Ganada", M24-J24, IF(H24="Perdida", -J24, IF(OR(H24="Cancelada",H24="Reembolsada",H24="Pendiente"), 0, 0))) | P24: =IF(H24="Pendiente", I24, IF(ISNUMBER(I24), I24+O24, I24)) | Q24: =IF(AND(ISNUMBER(J24),J24>0), O24/J24, 0) | R24: =IF(AND(ISNUMBER(I24),I24>0,ISNUMBER(J24)), J24/I24, 0) | S24: =IF(ISNUMBER(O24), SUM($O$6:O24), 0) | T24: =IF(ISBLANK(H24), "", IF(R24>GESTION_BANCA!$C$6, "🔴 EXCESO RIESGO", IF(R24>GESTION_BANCA!$C$7, "🟡 PRECAUCIÓN", "🟢 DENTRO LÍMITE")))
A25: OP-020 | I25: =P24 | K25: =IF(AND(ISNUMBER(I25),I25>0,ISNUMBER(J25)), J25/I25, 0) | M25: =IF(AND(ISNUMBER(J25),ISNUMBER(L25)), J25*L25, 0) | N25: =IF(AND(ISNUMBER(J25),ISNUMBER(L25)), (J25*L25)-J25, 0) | O25: =IF(H25="Ganada", M25-J25, IF(H25="Perdida", -J25, IF(OR(H25="Cancelada",H25="Reembolsada",H25="Pendiente"), 0, 0))) | P25: =IF(H25="Pendiente", I25, IF(ISNUMBER(I25), I25+O25, I25)) | Q25: =IF(AND(ISNUMBER(J25),J25>0), O25/J25, 0) | R25: =IF(AND(ISNUMBER(I25),I25>0,ISNUMBER(J25)), J25/I25, 0) | S25: =IF(ISNUMBER(O25), SUM($O$6:O25), 0) | T25: =IF(ISBLANK(H25), "", IF(R25>GESTION_BANCA!$C$6, "🔴 EXCESO RIESGO", IF(R25>GESTION_BANCA!$C$7, "🟡 PRECAUCIÓN", "🟢 DENTRO LÍMITE")))
A26: OP-021 | I26: =P25 | K26: =IF(AND(ISNUMBER(I26),I26>0,ISNUMBER(J26)), J26/I26, 0) | M26: =IF(AND(ISNUMBER(J26),ISNUMBER(L26)), J26*L26, 0) | N26: =IF(AND(ISNUMBER(J26),ISNUMBER(L26)), (J26*L26)-J26, 0) | O26: =IF(H26="Ganada", M26-J26, IF(H26="Perdida", -J26, IF(OR(H26="Cancelada",H26="Reembolsada",H26="Pendiente"), 0, 0))) | P26: =IF(H26="Pendiente", I26, IF(ISNUMBER(I26), I26+O26, I26)) | Q26: =IF(AND(ISNUMBER(J26),J26>0), O26/J26, 0) | R26: =IF(AND(ISNUMBER(I26),I26>0,ISNUMBER(J26)), J26/I26, 0) | S26: =IF(ISNUMBER(O26), SUM($O$6:O26), 0) | T26: =IF(ISBLANK(H26), "", IF(R26>GESTION_BANCA!$C$6, "🔴 EXCESO RIESGO", IF(R26>GESTION_BANCA!$C$7, "🟡 PRECAUCIÓN", "🟢 DENTRO LÍMITE")))
... A105: OP-100 | I105: =P104 | K105: =IF(AND(ISNUMBER(I105),I105>0,ISNUMBER(J105)), J105/I105, 0) | M105: =IF(AND(ISNUMBER(J105),ISNUMBER(L105)), J105*L105, 0) | N105: =IF(AND(ISNUMBER(J105),ISNUMBER(L105)), (J105*L105)-J105, 0) | O105: =IF(H105="Ganada", M105-J105, IF(H105="Perdida", -J105, IF(OR(H105="Cancelada",H105="Reembolsada",H105="Pendiente"), 0, 0))) | P105: =IF(H105="Pendiente", I105, IF(ISNUMBER(I105), I105+O105, I105)) | Q105: =IF(AND(ISNUMBER(J105),J105>0), O105/J105, 0) | R105: =IF(AND(ISNUMBER(I105),I105>0,ISNUMBER(J105)), J105/I105, 0) | S105: =IF(ISNUMBER(O105), SUM($O$6:O105), 0) | T105: =IF(ISBLANK(H105), "", IF(R105>GESTION_BANCA!$C$6, "🔴 EXCESO RIESGO", IF(R105>GESTION_BANCA!$C$7, "🟡 PRECAUCIÓN", "🟢 DENTRO LÍMITE")))

Sheet DASHBOARD
B2: PANEL PRINCIPAL — DASHBOARD EJECUTIVO DE OPERACIONES
B4: 1. RESUMEN DE CAPITAL Y RETORNO | E4: 2. MÉTRICAS DE EFICIENCIA OPERATIVA
B5: Capital Inicial | C5: =GESTION_BANCA!C4 | E5: Número Total de Operaciones | F5: =COUNTIF(REGISTRO_OPERACIONES!H6:H1000, "<>")
B6: Capital Actual de la Banca | C6: =GESTION_BANCA!C4+SUM(REGISTRO_OPERACIONES!O6:O1000) | E6: Operaciones Positivas (Ganadas) | F6: =COUNTIF(REGISTRO_OPERACIONES!H6:H1000, "Ganada")
B7: Resultado Neto Acumulado | C7: =SUM(REGISTRO_OPERACIONES!O6:O1000) | E7: Operaciones Negativas (Perdidas) | F7: =COUNTIF(REGISTRO_OPERACIONES!H6:H1000, "Perdida")
B8: Ganancia Total Acumulada | C8: =SUMIF(REGISTRO_OPERACIONES!O6:O1000, ">0") | E8: Operaciones Pendientes | F8: =COUNTIF(REGISTRO_OPERACIONES!H6:H1000, "Pendiente")
B9: Pérdida Total Acumulada | C9: =SUMIF(REGISTRO_OPERACIONES!O6:O1000, "<0") | E9: Tasa de Acierto / Winrate (%) | F9: =IF((F6+F7)>0, F6/(F6+F7), 0)
B10: Retorno de Inversión (ROI Global %) | C10: =IF(SUM(REGISTRO_OPERACIONES!J6:J1000)>0, SUM(REGISTRO_OPERACIONES!O6:O1000)/SUM(REGISTRO_OPERACIONES!J6:J1000), 0) | E10: Promedio de Cuota / Multiplicador | F10: =AVERAGE(REGISTRO_OPERACIONES!L6:L1000)
B11: Crecimiento de la Banca (% Yield) | C11: =IF(GESTION_BANCA!C4>0, SUM(REGISTRO_OPERACIONES!O6:O1000)/GESTION_BANCA!C4, 0) | E11: Promedio de Monto Utilizado ($) | F11: =AVERAGE(REGISTRO_OPERACIONES!J6:J1000)
B13: 3. GESTIÓN DE RIESGO Y CONTROL DE DRAWDOWN | E13: 4. DISPONIBILIDAD Y EXPOSICIÓN DE CAPITAL
B14: Mayor Ganancia Individual ($) | C14: =MAX(REGISTRO_OPERACIONES!O6:O1000) | E14: Capital Comprometido (En Juego) | F14: =SUMIF(REGISTRO_OPERACIONES!H6:H1000, "Pendiente", REGISTRO_OPERACIONES!J6:J1000)
B15: Mayor Pérdida Individual ($) | C15: =MIN(REGISTRO_OPERACIONES!O6:O1000) | E15: Capital Libre y Disponible ($) | F15: =C6-F14
B16: Drawdown Máximo Histórico (%) | C16: =ESTADISTICAS_AVANZADAS!C13 | E16: Exposición de Capital Actual (%) | F16: =IF(C6>0, F14/C6, 0)
B17: Profit Factor (Ganancia / Pérdida) | C17: =IF(ABS(C9)>0, C8/ABS(C9), C8) | E17: Límite de Exposición Permitido (%) | F17: =GESTION_BANCA!C8
B18: Expectativa Matemática por Operación ($) | C18: =ESTADISTICAS_AVANZADAS!C15 | E18: Estado General de la Banca | F18: =IF(C6<GESTION_BANCA!C5, "🔴 NIVEL DE SEGURIDAD VULNERADO", IF(F16>F17, "🟡 EXPOSICIÓN ELEVADA", "🟢 BANCA EN CONDICIONES ÓPTIMAS"))
B19: Riesgo Promedio por Operación (%) | C19: =AVERAGE(REGISTRO_OPERACIONES!R6:R1000) | E19: Operaciones con Incumplimiento de Riesgo | F19: =COUNTIF(REGISTRO_OPERACIONES!T6:T1000, "🔴 EXCESO RIESGO")

Sheet CONTROL_PERIODOS
B2: CONTROL Y ANÁLISIS DE RESULTADOS POR PERÍODOS
B4: 1. CONTROL DIARIO (ÚLTIMOS 5 DÍAS)
B5: Período | C5: Monto Operado ($) | D5: Ganado ($) | E5: Perdido ($) | F5: Resultado Neto ($) | G5: ROI (%) | H5: Operaciones | I5: Tasa Acierto (%) | J5: Cuota Promedio
B6: 2026-08-01 | C6: 20 | D6: 17 | E6: 0 | F6: =D6+E6 | G6: =IF(C6>0, F6/C6, 0) | H6: 1 | I6: 1 | J6: 1.85
B7: 2026-08-02 | C7: 20 | D7: 22 | E7: 0 | F7: =D7+E7 | G7: =IF(C7>0, F7/C7, 0) | H7: 1 | I7: 1 | J7: 2.1
B8: 2026-08-03 | C8: 20 | D8: 0 | E8: -20 | F8: =D8+E8 | G8: =IF(C8>0, F8/C8, 0) | H8: 1 | I8: 0 | J8: 1.9
B9: 2026-08-04 | C9: 20 | D9: 21 | E9: 0 | F9: =D9+E9 | G9: =IF(C9>0, F9/C9, 0) | H9: 1 | I9: 1 | J9: 2.05
B10: 2026-08-05 | C10: 25 | D10: 30 | E10: 0 | F10: =D10+E10 | G10: =IF(C10>0, F10/C10, 0) | H10: 1 | I10: 1 | J10: 2.2
B13: 2. CONTROL SEMANAL (SEMANAS DEL MES)
B14: Período | C14: Monto Operado ($) | D14: Ganado ($) | E14: Perdido ($) | F14: Resultado Neto ($) | G14: ROI (%) | H14: Operaciones | I14: Tasa Acierto (%) | J14: Cuota Promedio
B15: Semana 31 (Ago 01 - 07) | C15: 125 | D15: 90 | E15: -40 | F15: =D15+E15 | G15: =IF(C15>0, F15/C15, 0) | H15: 7 | I15: 0.71 | J15: 1.98
B16: Semana 32 (Ago 08 - 14) | C16: 40 | D16: 23 | E16: 0 | F16: =D16+E16 | G16: =IF(C16>0, F16/C16, 0) | H16: 2 | I16: 1 | J16: 2.02
B17: Semana 33 (Ago 15 - 21) | C17: 0 | D17: 0 | E17: 0 | F17: =D17+E17 | G17: =IF(C17>0, F17/C17, 0) | H17: 0 | I17: 0 | J17: 0
B18: Semana 34 (Ago 22 - 28) | C18: 0 | D18: 0 | E18: 0 | F18: =D18+E18 | G18: =IF(C18>0, F18/C18, 0) | H18: 0 | I18: 0 | J18: 0
B21: 3. CONTROL MENSUAL (HISTÓRICO 2026)
B22: Período | C22: Monto Operado ($) | D22: Ganado ($) | E22: Perdido ($) | F22: Resultado Neto ($) | G22: ROI (%) | H22: Operaciones | I22: Tasa Acierto (%) | J22: Cuota Promedio
B23: Enero 2026 | C23: 350 | D23: 240 | E23: -160 | F23: =D23+E23 | G23: =IF(C23>0, F23/C23, 0) | H23: 18 | I23: 0.61 | J23: 1.92
B24: Febrero 2026 | C24: 420 | D24: 310 | E24: -180 | F24: =D24+E24 | G24: =IF(C24>0, F24/C24, 0) | H24: 21 | I24: 0.67 | J24: 1.95
B25: Marzo 2026 | C25: 390 | D25: 280 | E25: -200 | F25: =D25+E25 | G25: =IF(C25>0, F25/C25, 0) | H25: 20 | I25: 0.6 | J25: 1.9
B26: Agosto 2026 (Actual) | C26: 165 | D26: 113 | E26: -40 | F26: =D26+E26 | G26: =IF(C26>0, F26/C26, 0) | H26: 9 | I26: 0.78 | J26: 2

Sheet ESTADISTICAS_AVANZADAS
B2: ANÁLISIS ESTADÍSTICO Y MODELO MATEMÁTICO
B4: Tasa de Éxito Global (Winrate) | C4: =DASHBOARD!F9 | D4: Porcentaje de operaciones ganadas
B5: Tasa de Operaciones Negativas (Lossrate) | C5: =1-C4 | D5: Porcentaje de operaciones perdidas
B6: Cuota Media Ponderada | C6: =DASHBOARD!F10 | D6: Promedio de multiplicadores operados
B7: Resultado Promedio por Operación ($) | C7: =AVERAGE(REGISTRO_OPERACIONES!O6:O1000) | D7: Beneficio neto medio por cada trade
B8: Ganancia Promedio de Operaciones Ganadas ($) | C8: =AVERAGEIF(REGISTRO_OPERACIONES!H6:H1000, "Ganada", REGISTRO_OPERACIONES!O6:O1000) | D8: Monto medio ganado en aciertos
B9: Pérdida Promedio de Operaciones Perdidas ($) | C9: =AVERAGEIF(REGISTRO_OPERACIONES!H6:H1000, "Perdida", REGISTRO_OPERACIONES!O6:O1000) | D9: Monto medio perdido en fallos
B10: Relación Ganancia / Pérdida (Payoff Ratio) | C10: =IF(ABS(C9)>0, C8/ABS(C9), 0) | D10: Proporción de beneficio medio vs pérdida media
B11: Racha Positiva Máxima Consecutiva | C11: 5 | D11: Mayor secuencia ininterrumpida de aciertos
B12: Racha Negativa Máxima Consecutiva | C12: 2 | D12: Mayor secuencia ininterrumpida de fallos
B13: Drawdown Máximo Histórico (%) | C13: 0.08 | D13: Mayor caída pico-a-valle registrada
B14: Factor de Recuperación (Recovery Factor) | C14: =IF(C13>0, (DASHBOARD!C7/GESTION_BANCA!C4)/C13, 0) | D14: Capacidad de la banca para superar drawdowns
B15: Expectativa Matemática por Operación ($) | C15: =(C4*C8) - (C5*ABS(C9)) | D15: EV = (Win% * Ganancia Media) - (Loss% * Pérdida Media)
B16: Desviación Típica de Resultados ($) | C16: =STDEV(REGISTRO_OPERACIONES!O6:O1000) | D16: Medida de volatilidad de los rendimientos

Sheet CONTROL_DISCIPLINA
B2: AUDITORÍA DE DISCIPLINA Y CUMPLIMIENTO DEL PLAN
B4: Operaciones Totales Auditadas | C4: =DASHBOARD!F5 | D4: Total de operaciones registradas
B5: Operaciones con Stake Correcto (🟢) | C5: =COUNTIF(REGISTRO_OPERACIONES!T6:T1000, "🟢 DENTRO LÍMITE") | D5: Operaciones respetando el porcentaje recomendado
B6: Operaciones en Zona de Precaución (🟡) | C6: =COUNTIF(REGISTRO_OPERACIONES!T6:T1000, "🟡 PRECAUCIÓN") | D6: Operaciones entre el recomendado y el máximo
B7: Operaciones Fuera de Límite / Exceso (🔴) | C7: =COUNTIF(REGISTRO_OPERACIONES!T6:T1000, "🔴 EXCESO RIESGO") | D7: Operaciones que violaron el % máximo permitido
B8: Índice de Disciplina Operativa (%) | C8: =IF(C4>0, C5/C4, 1) | D8: Porcentaje de cumplimiento estricto del plan
B9: Violaciones de Límite Diario Registradas | C9: 0 | D9: Días donde se superó el límite de pérdida
B10: Detección de Aumento Tras Pérdida (Revenge) | C10: Ninguno detectado (Cumple) | D10: Auditoría contra martingala emocional
B11: Dictamen de Auditoría | C11: =IF(C7>0, "🔴 PLAN VULNERADO: Reducir tamaño de posición", IF(C8<0.85, "🟡 PRECAUCIÓN: Mejorar consistencia", "🟢 EXCELENTE: Disciplina estricta")) | D11: Evaluación final del control de riesgo
